timestamp,temperature_2m_max,temperature_2m_min,temperature_2m_mean,apparent_temperature_max,precipitation_sum,rain_sum,snowfall_sum,precipitation_hours,wind_speed_10m_max,wind_gusts_10m_max,wind_direction_10m_dominant,shortwave_radiation_sum,et0_fao_evapotranspiration,sunrise,sunset,daylight_duration
2025-08-03,27.5,18.5,22.8,29.6,0.0,0.0,0.0,0.0,15.0,32.4,296,22.33,4.78,2025-08-03T05:30,2025-08-03T20:02,52338.92
2025-08-04,22.0,17.0,19.3,22.4,7.8,7.8,0.0,9.0,13.0,31.0,303,16.15,2.92,2025-08-04T05:31,2025-08-04T20:01,52192.58
2025-08-05,24.6,17.0,20.4,25.4,0.1,0.1,0.0,1.0,13.5,28.1,303,21.15,4.11,2025-08-05T05:32,2025-08-05T19:59,52044.42
2025-08-06,26.5,15.6,21.4,27.2,0.0,0.0,0.0,0.0,15.5,37.1,307,23.33,4.83,2025-08-06T05:33,2025-08-06T19:58,51894.58
2025-08-07,25.3,15.8,20.9,26.1,0.0,0.0,0.0,0.0,11.2,24.8,281,25.03,4.94,2025-08-07T05:34,2025-08-07T19:57,51743.21
2025-08-08,29.9,18.2,24.0,32.6,0.0,0.0,0.0,0.0,9.2,26.3,55,25.17,5.01,2025-08-08T05:36,2025-08-08T19:55,51590.47
2025-08-09,32.9,20.8,26.9,34.8,0.0,0.0,0.0,0.0,9.4,26.3,93,25.75,5.55,2025-08-09T05:37,2025-08-09T19:54,51436.48
2025-08-10,34.9,20.2,27.8,36.6,0.0,0.0,0.0,0.0,10.2,26.3,95,25.55,5.8,2025-08-10T05:38,2025-08-10T19:52,51281.39
2025-08-11,30.7,22.4,26.3,33.0,0.0,0.0,0.0,0.0,12.7,31.7,330,25.15,5.79,2025-08-11T05:39,2025-08-11T19:51,51125.31
2025-08-12,28.9,18.5,23.7,30.6,0.0,0.0,0.0,0.0,7.7,22.7,21,25.33,5.04,2025-08-12T05:40,2025-08-12T19:50,50968.41
2025-08-13,32.4,19.6,26.0,34.6,0.0,0.0,0.0,0.0,13.3,31.0,86,24.65,5.39,2025-08-13T05:41,2025-08-13T19:48,50810.8
2025-08-14,31.5,19.2,25.4,31.4,0.0,0.0,0.0,0.0,14.6,34.6,115,25.51,5.97,2025-08-14T05:42,2025-08-14T19:47,50652.6
2025-08-15,32.2,19.0,25.6,32.3,0.0,0.0,0.0,0.0,12.9,31.7,99,24.48,5.61,2025-08-15T05:44,2025-08-15T19:45,50493.78
2025-08-16,32.3,21.6,26.7,33.9,0.0,0.0,0.0,0.0,7.7,22.0,198,23.54,5.33,2025-08-16T05:45,2025-08-16T19:43,50333.19
2025-08-17,29.1,21.9,24.7,31.7,1.5,1.5,0.0,3.0,15.8,34.6,270,19.13,4.62,2025-08-17T05:46,2025-08-17T19:42,50170.65
2025-08-18,25.5,18.4,21.5,25.2,0.6,0.6,0.0,2.0,15.0,36.4,297,21.87,4.45,2025-08-18T05:47,2025-08-18T19:40,50006.35
2025-08-19,26.4,17.4,21.5,26.8,0.0,0.0,0.0,0.0,9.3,25.6,251,21.53,4.31,2025-08-19T05:48,2025-08-19T19:39,49840.4
2025-08-20,30.5,16.0,23.1,31.5,0.0,0.0,0.0,0.0,9.8,23.8,245,23.93,5.15,2025-08-20T05:49,2025-08-20T19:37,49672.96
2025-08-21,33.8,19.6,26.0,34.3,0.0,0.0,0.0,0.0,13.0,25.9,204,18.36,4.81,2025-08-21T05:50,2025-08-21T19:35,49504.17
2025-08-22,24.7,18.0,21.1,26.0,4.0,4.0,0.0,8.0,20.5,50.4,261,16.17,3.23,2025-08-22T05:52,2025-08-22T19:34,49334.15
2025-08-23,23.2,15.7,19.4,22.7,0.0,0.0,0.0,0.0,11.2,28.8,303,22.6,4.31,2025-08-23T05:53,2025-08-23T19:32,49163.06
2025-08-24,21.0,14.9,17.4,21.5,0.1,0.1,0.0,1.0,12.8,26.3,317,15.15,2.94,2025-08-24T05:54,2025-08-24T19:30,48991.01
2025-08-25,23.0,13.3,17.9,22.6,0.0,0.0,0.0,0.0,10.1,26.3,115,23.73,4.23,2025-08-25T05:55,2025-08-25T19:29,48818.14
2025-08-26,26.4,11.2,19.0,26.6,0.0,0.0,0.0,0.0,10.7,26.3,205,23.72,4.69,2025-08-26T05:56,2025-08-26T19:27,48644.56
2025-08-27,29.7,12.9,21.7,29.6,0.0,0.0,0.0,0.0,10.0,25.6,170,23.18,5.03,2025-08-27T05:57,2025-08-27T19:25,48470.41
2025-08-28,32.1,16.7,24.4,32.2,0.0,0.0,0.0,0.0,13.6,30.6,178,23.05,6.0,2025-08-28T05:59,2025-08-28T19:23,48295.8
2025-08-29,34.6,21.0,27.0,35.8,0.0,0.0,0.0,0.0,13.5,27.4,180,22.55,6.17,2025-08-29T06:00,2025-08-29T19:22,48120.84
2025-08-30,31.1,17.6,23.4,33.2,5.8,5.8,0.0,5.0,12.6,31.0,184,12.55,3.1,2025-08-30T06:01,2025-08-30T19:20,47945.66
2025-08-31,22.9,16.3,19.2,21.5,0.5,0.5,0.0,3.0,20.6,45.0,275,15.03,3.06,2025-08-31T06:02,2025-08-31T19:18,47770.37
2025-09-01,26.9,16.1,20.9,27.2,0.0,0.0,0.0,0.0,11.6,27.7,270,21.44,4.3,2025-09-01T06:03,2025-09-01T19:16,47595.08
2025-09-02,31.2,15.7,23.3,32.9,0.0,0.0,0.0,0.0,11.0,21.2,195,22.06,4.7,2025-09-02T06:04,2025-09-02T19:15,47419.9
2025-09-03,26.8,18.8,22.1,30.1,9.6,9.6,0.0,7.0,14.5,32.0,284,16.24,3.22,2025-09-03T06:05,2025-09-03T19:13,47244.93
2025-09-04,25.7,18.3,21.4,27.7,20.1,20.1,0.0,8.0,7.9,23.4,171,17.4,3.24,2025-09-04T06:07,2025-09-04T19:11,47070.14
2025-09-05,29.3,17.7,22.4,30.1,0.0,0.0,0.0,0.0,10.8,27.7,154,21.57,4.48,2025-09-05T06:08,2025-09-05T19:09,46894.34
2025-09-06,24.9,15.5,20.6,26.6,0.0,0.0,0.0,0.0,13.3,31.7,287,21.12,4.05,2025-09-06T06:09,2025-09-06T19:07,46717.36
2025-09-07,25.6,15.7,20.9,27.2,0.0,0.0,0.0,0.0,11.8,22.3,272,19.82,3.68,2025-09-07T06:10,2025-09-07T19:06,46539.32
2025-09-08,29.0,17.3,22.2,31.1,0.2,0.2,0.0,1.0,7.9,22.7,152,16.41,3.23,2025-09-08T06:11,2025-09-08T19:04,46360.34
2025-09-09,28.8,18.4,23.2,30.6,0.0,0.0,0.0,0.0,10.2,26.6,127,19.35,3.87,2025-09-09T06:12,2025-09-09T19:02,46180.53
2025-09-10,29.7,19.6,23.6,30.8,2.4,2.4,0.0,6.0,26.1,52.9,161,12.63,3.25,2025-09-10T06:13,2025-09-10T19:00,45999.99
2025-09-11,23.7,17.8,21.3,26.6,6.9,6.9,0.0,13.0,15.3,39.2,181,6.01,1.56,2025-09-11T06:15,2025-09-11T18:58,45818.87
2025-09-12,25.2,16.6,20.9,26.7,0.0,0.0,0.0,0.0,6.3,20.2,297,18.4,3.36,2025-09-12T06:16,2025-09-12T18:56,45637.25
2025-09-13,28.3,15.6,21.7,28.9,0.0,0.0,0.0,0.0,11.3,27.4,143,19.54,3.95,2025-09-13T06:17,2025-09-13T18:54,45455.25
2025-09-14,26.3,18.1,21.1,27.8,5.4,5.4,0.0,4.0,11.3,29.2,207,11.11,2.29,2025-09-14T06:18,2025-09-14T18:53,45272.98
2025-09-15,24.9,15.0,19.7,26.1,0.0,0.0,0.0,0.0,12.1,27.7,224,19.04,3.43,2025-09-15T06:19,2025-09-15T18:51,45090.55
2025-09-16,27.3,16.5,21.5,28.5,0.0,0.0,0.0,0.0,15.0,34.9,276,19.1,4.11,2025-09-16T06:20,2025-09-16T18:49,44908.05
2025-09-17,20.4,14.2,16.8,18.6,6.8,6.8,0.0,4.0,15.1,34.6,297,15.9,3.15,2025-09-17T06:22,2025-09-17T18:47,44725.62
2025-09-18,21.9,12.7,16.9,20.6,0.0,0.0,0.0,0.0,10.6,25.9,285,18.87,3.61,2025-09-18T06:23,2025-09-18T18:45,44543.33
2025-09-19,25.0,11.7,18.5,26.4,0.0,0.0,0.0,0.0,8.8,18.0,208,18.74,3.38,2025-09-19T06:24,2025-09-19T18:43,44361.3
2025-09-20,27.5,13.4,20.1,28.1,0.0,0.0,0.0,0.0,9.9,23.0,174,18.63,3.69,2025-09-20T06:25,2025-09-20T18:41,44179.63
2025-09-21,29.4,16.4,22.2,30.5,0.0,0.0,0.0,0.0,11.8,22.7,178,18.73,4.23,2025-09-21T06:26,2025-09-21T18:39,43998.43
2025-09-22,29.5,16.6,22.4,31.0,0.0,0.0,0.0,0.0,11.5,22.3,191,18.6,4.05,2025-09-22T06:27,2025-09-22T18:38,43817.8
2025-09-23,27.9,15.7,21.4,28.4,0.0,0.0,0.0,0.0,11.3,26.3,201,18.25,3.65,2025-09-23T06:28,2025-09-23T18:36,43637.85
2025-09-24,26.0,16.1,20.9,27.6,0.3,0.3,0.0,2.0,13.6,28.4,331,16.06,3.21,2025-09-24T06:30,2025-09-24T18:34,43458.53
2025-09-25,24.3,14.8,19.6,25.7,0.6,0.6,0.0,4.0,9.7,22.3,99,16.22,2.98,2025-09-25T06:31,2025-09-25T18:32,43278.6
2025-09-26,21.9,13.4,16.7,21.4,0.0,0.0,0.0,0.0,15.4,34.2,120,15.97,2.97,2025-09-26T06:32,2025-09-26T18:30,43097.89
2025-09-27,20.6,11.4,15.4,19.4,3.6,3.6,0.0,4.0,13.1,32.4,111,15.56,2.7,2025-09-27T06:33,2025-09-27T18:28,42916.51
2025-09-28,15.8,11.2,13.4,14.8,17.3,17.3,0.0,12.0,6.9,20.5,316,8.41,1.38,2025-09-28T06:34,2025-09-28T18:27,42734.56
2025-09-29,16.6,11.6,13.9,14.8,1.8,1.8,0.0,8.0,15.7,38.5,296,10.45,1.72,2025-09-29T06:36,2025-09-29T18:25,42552.18
2025-09-30,16.7,9.6,13.1,14.1,0.0,0.0,0.0,0.0,12.8,29.5,289,13.92,2.46,2025-09-30T06:37,2025-09-30T18:23,42369.47
2025-10-01,11.7,9.4,10.5,10.9,4.9,4.9,0.0,12.0,6.3,12.2,287,3.01,0.57,2025-10-01T06:38,2025-10-01T18:21,42186.54
2025-10-02,9.1,6.5,7.7,7.7,16.6,16.6,0.0,24.0,12.4,30.6,344,2.68,0.47,2025-10-02T06:39,2025-10-02T18:19,42003.51
2025-10-03,6.6,3.3,5.1,5.3,47.4,42.9,3.15,24.0,18.8,38.5,304,1.37,0.23,2025-10-03T06:40,2025-10-03T18:17,41820.5
2025-10-04,12.7,5.5,8.0,10.5,7.1,7.1,0.0,11.0,18.1,35.6,254,7.02,1.17,2025-10-04T06:42,2025-10-04T18:15,41637.63
2025-10-05,15.2,8.1,11.8,13.2,7.8,7.8,0.0,6.0,13.6,32.4,345,8.15,1.68,2025-10-05T06:43,2025-10-05T18:14,41455.0
2025-10-06,13.7,8.2,10.0,10.8,15.8,15.8,0.0,19.0,18.4,38.5,307,9.22,1.33,2025-10-06T06:44,2025-10-06T18:12,41272.73
2025-10-07,13.4,8.1,10.2,11.3,15.5,15.5,0.0,20.0,19.2,43.6,304,7.78,1.2,2025-10-07T06:45,2025-10-07T18:10,41090.95
2025-10-08,14.5,8.8,11.6,11.5,6.6,6.6,0.0,7.0,23.7,50.0,307,6.7,1.51,2025-10-08T06:46,2025-10-08T18:08,40909.78
2025-10-09,17.6,10.7,14.0,15.0,0.0,0.0,0.0,0.0,15.0,36.0,284,12.36,2.37,2025-10-09T06:48,2025-10-09T18:06,40729.34
2025-10-10,18.7,13.0,15.1,16.2,1.8,1.8,0.0,11.0,16.2,37.1,292,11.13,1.98,2025-10-10T06:49,2025-10-10T18:05,40549.74
2025-10-11,15.8,11.8,13.8,13.6,2.8,2.8,0.0,13.0,19.2,41.8,302,7.37,1.54,2025-10-11T06:50,2025-10-11T18:03,40371.13
2025-10-12,17.0,10.7,13.8,14.6,0.0,0.0,0.0,0.0,17.5,38.2,291,10.98,1.89,2025-10-12T06:51,2025-10-12T18:01,40193.61
2025-10-13,16.0,10.7,13.5,13.4,0.2,0.2,0.0,2.0,19.6,42.1,286,9.28,1.77,2025-10-13T06:53,2025-10-13T17:59,40017.32
2025-10-14,16.0,9.3,12.6,13.9,0.2,0.2,0.0,2.0,12.5,30.2,279,10.94,1.82,2025-10-14T06:54,2025-10-14T17:58,39842.22
2025-10-15,15.5,6.5,10.6,13.4,0.0,0.0,0.0,0.0,6.8,20.2,273,13.75,2.03,2025-10-15T06:55,2025-10-15T17:56,39666.96
2025-10-16,17.2,6.0,10.8,15.4,0.0,0.0,0.0,0.0,9.1,25.9,145,13.74,2.04,2025-10-16T06:56,2025-10-16T17:54,39491.33
2025-10-17,14.0,7.0,10.8,13.1,0.0,0.0,0.0,0.0,5.6,17.3,295,8.11,1.18,2025-10-17T06:58,2025-10-17T17:53,39315.46
2025-10-18,12.9,11.2,12.1,11.8,1.8,1.8,0.0,7.0,10.2,21.2,287,2.85,0.66,2025-10-18T06:59,2025-10-18T17:51,39139.49
2025-10-19,13.4,5.2,8.9,10.8,0.0,0.0,0.0,0.0,9.3,21.2,285,13.71,1.86,2025-10-19T07:00,2025-10-19T17:49,38963.57
2025-10-20,15.8,3.9,9.6,13.9,0.0,0.0,0.0,0.0,10.5,20.2,201,12.38,1.83,2025-10-20T07:01,2025-10-20T17:48,38787.82
2025-10-21,20.1,7.8,13.2,18.3,0.0,0.0,0.0,0.0,12.5,24.8,205,10.15,2.06,2025-10-21T07:03,2025-10-21T17:46,38612.4
2025-10-22,22.3,11.1,15.5,21.8,0.3,0.3,0.0,2.0,11.4,22.7,205,10.14,2.04,2025-10-22T07:04,2025-10-22T17:45,38437.45
2025-10-23,23.5,12.7,18.4,21.9,0.0,0.0,0.0,0.0,26.5,54.0,197,11.97,3.09,2025-10-23T07:05,2025-10-23T17:43,38263.12
2025-10-24,18.4,8.4,13.9,17.2,17.7,17.7,0.0,8.0,21.5,54.4,249,7.7,1.51,2025-10-24T07:07,2025-10-24T17:41,38089.56
2025-10-25,18.8,6.3,12.1,16.9,0.7,0.7,0.0,4.0,20.3,39.2,204,9.85,1.84,2025-10-25T07:08,2025-10-25T17:40,37916.92
2025-10-26,18.1,11.4,13.8,18.1,8.3,8.3,0.0,15.0,21.1,46.8,210,6.54,1.4,2025-10-26T07:09,2025-10-26T17:38,37745.37
2025-10-27,15.6,8.8,11.1,13.9,3.3,3.3,0.0,5.0,12.2,24.5,323,9.62,1.45,2025-10-27T07:11,2025-10-27T17:37,37575.05
2025-10-28,15.3,8.3,11.2,12.7,1.4,1.4,0.0,4.0,18.0,38.9,244,11.6,1.93,2025-10-28T07:12,2025-10-28T17:35,37406.15
2025-10-29,21.6,8.4,13.6,20.1,0.0,0.0,0.0,0.0,15.3,29.9,202,11.79,2.5,2025-10-29T07:13,2025-10-29T17:34,37238.81
2025-10-30,22.4,9.9,14.9,21.6,0.0,0.0,0.0,0.0,13.3,27.0,203,11.12,2.45,2025-10-30T07:15,2025-10-30T17:32,37073.22
2025-10-31,22.3,10.8,15.2,21.5,0.0,0.0,0.0,0.0,9.4,23.0,169,11.06,1.9,2025-10-31T07:16,2025-10-31T17:31,36909.54
2025-11-01,23.4,9.9,14.9,23.2,0.0,0.0,0.0,0.0,12.8,24.5,201,11.06,2.0,2025-11-01T07:17,2025-11-01T17:30,36747.97
2025-11-02,23.3,9.8,15.7,22.9,0.0,0.0,0.0,0.0,13.9,26.3,211,10.77,1.99,2025-11-02T07:18,2025-11-02T17:28,36588.66
2025-11-03,21.0,9.6,13.3,21.7,10.0,10.0,0.0,12.0,23.3,52.2,269,5.9,1.12,2025-11-03T07:20,2025-11-03T17:27,36431.64
2025-11-04,13.0,7.6,10.1,10.8,0.0,0.0,0.0,0.0,13.9,33.1,296,9.61,1.48,2025-11-04T07:21,2025-11-04T17:26,36275.42
2025-11-05,14.2,6.0,9.2,12.1,0.0,0.0,0.0,0.0,8.4,22.3,128,9.2,1.3,2025-11-05T07:22,2025-11-05T17:24,36119.81
2025-11-06,14.6,5.3,9.2,12.2,0.0,0.0,0.0,0.0,10.5,25.2,129,9.86,1.41,2025-11-06T07:24,2025-11-06T17:23,35964.96
2025-11-07,11.7,5.5,8.1,9.7,0.6,0.6,0.0,3.0,8.3,21.2,77,4.21,0.63,2025-11-07T07:25,2025-11-07T17:22,35811.03
2025-11-08,9.6,6.5,8.1,8.3,9.3,9.3,0.0,14.0,7.8,15.8,275,1.87,0.35,2025-11-08T07:26,2025-11-08T17:21,35658.2
2025-11-09,14.2,5.5,9.8,12.9,0.5,0.5,0.0,4.0,9.5,25.6,67,7.34,0.99,2025-11-09T07:28,2025-11-09T17:20,35506.63
2025-11-10,9.6,8.2,8.7,8.6,15.8,15.8,0.0,23.0,10.5,20.9,308,1.13,0.26,2025-11-10T07:29,2025-11-10T17:18,35356.51
2025-11-11,12.7,4.8,8.3,11.0,0.1,0.1,0.0,1.0,8.5,20.9,298,9.21,1.13,2025-11-11T07:31,2025-11-11T17:17,35208.01
2025-11-12,14.9,4.2,8.2,13.5,0.0,0.0,0.0,0.0,7.0,20.2,193,9.23,1.23,2025-11-12T07:32,2025-11-12T17:16,35061.31
2025-11-13,15.6,3.7,8.5,14.9,0.0,0.0,0.0,0.0,5.4,15.8,192,8.76,1.17,2025-11-13T07:33,2025-11-13T17:15,34916.6
2025-11-14,18.3,6.3,10.7,17.2,0.0,0.0,0.0,0.0,10.5,22.0,210,9.38,1.4,2025-11-14T07:35,2025-11-14T17:14,34774.08
2025-11-15,18.7,6.4,11.1,17.1,0.0,0.0,0.0,0.0,10.4,22.0,207,8.99,1.52,2025-11-15T07:36,2025-11-15T17:13,34633.92
2025-11-16,21.4,6.7,13.2,20.0,0.0,0.0,0.0,0.0,13.9,27.7,207,8.72,1.93,2025-11-16T07:37,2025-11-16T17:12,34496.35
2025-11-17,20.9,14.1,17.7,19.2,0.0,0.0,0.0,0.0,26.1,56.2,198,5.41,2.61,2025-11-17T07:39,2025-11-17T17:11,34361.55
2025-11-18,14.7,2.4,6.6,14.2,12.9,11.2,1.19,19.0,23.1,45.7,316,1.73,0.4,2025-11-18T07:40,2025-11-18T17:10,34229.73
2025-11-19,8.1,1.7,4.4,5.4,3.9,2.6,0.91,4.0,9.0,22.0,127,6.71,0.8,2025-11-19T07:41,2025-11-19T17:09,34101.11
2025-11-20,18.3,3.6,10.1,17.1,0.0,0.0,0.0,0.0,16.1,32.4,198,7.72,1.36,2025-11-20T07:42,2025-11-20T17:09,33975.89
2025-11-21,13.0,3.4,7.5,9.8,0.4,0.4,0.0,3.0,13.5,32.0,295,3.75,0.76,2025-11-21T07:44,2025-11-21T17:08,33854.28
2025-11-22,3.8,1.8,2.7,1.0,3.8,3.0,0.56,16.0,10.3,23.0,327,2.02,0.29,2025-11-22T07:45,2025-11-22T17:07,33736.52
2025-11-23,2.5,1.0,1.6,-0.8,0.6,0.1,0.35,5.0,10.7,21.6,338,1.89,0.35,2025-11-23T07:46,2025-11-23T17:06,33622.66
2025-11-24,10.8,-1.7,5.2,6.5,0.0,0.0,0.0,0.0,26.3,52.2,192,8.21,1.57,2025-11-24T07:47,2025-11-24T17:06,33511.43
2025-11-25,17.4,7.5,12.9,14.4,3.8,3.8,0.0,7.0,22.8,47.2,159,4.68,1.99,2025-11-25T07:48,2025-11-25T17:05,33402.66
2025-11-26,12.7,5.4,8.7,10.3,2.9,2.9,0.0,4.0,18.4,38.2,326,3.28,0.79,2025-11-26T07:50,2025-11-26T17:05,33296.49
2025-11-27,5.2,1.1,2.2,2.4,11.2,3.8,5.18,23.0,13.9,28.1,309,1.3,0.23,2025-11-27T07:51,2025-11-27T17:04,33193.06
2025-11-28,2.2,1.4,1.9,-0.8,5.6,1.2,3.08,13.0,11.2,22.3,302,1.81,0.26,2025-11-28T07:52,2025-11-28T17:04,33092.52
2025-11-29,3.3,0.9,1.7,0.5,4.3,0.2,2.87,11.0,6.0,14.4,303,1.8,0.26,2025-11-29T07:53,2025-11-29T17:03,32995.01
2025-11-30,5.9,2.2,4.2,3.7,2.0,1.8,0.14,5.0,10.4,20.2,243,1.29,0.29,2025-11-30T07:54,2025-11-30T17:03,32900.7
2025-12-01,11.7,0.1,4.2,9.3,0.0,0.0,0.0,0.0,7.4,18.4,212,7.52,0.89,2025-12-01T07:56,2025-12-01T17:02,32809.72
2025-12-02,8.6,0.8,3.7,6.5,0.0,0.0,0.0,0.0,5.0,15.8,249,5.77,0.65,2025-12-02T07:57,2025-12-02T17:02,32722.23
2025-12-03,11.2,1.1,5.2,10.0,0.7,0.7,0.0,2.0,8.5,17.3,231,5.0,0.6,2025-12-03T07:58,2025-12-03T17:02,32638.37
2025-12-04,10.3,2.0,6.5,8.4,0.3,0.3,0.0,3.0,16.2,33.1,112,3.35,0.47,2025-12-04T07:59,2025-12-04T17:01,32558.32
2025-12-05,12.6,5.7,9.0,10.0,1.4,1.4,0.0,4.0,16.0,33.1,130,2.43,0.49,2025-12-05T08:00,2025-12-05T17:01,32482.21
2025-12-06,9.7,6.7,8.1,8.4,0.1,0.1,0.0,1.0,9.7,21.6,70,2.54,0.46,2025-12-06T08:01,2025-12-06T17:01,32410.2
2025-12-07,6.9,3.1,5.7,5.2,0.5,0.5,0.0,4.0,6.0,12.6,14,1.85,0.3,2025-12-07T08:02,2025-12-07T17:01,32342.45
2025-12-08,11.5,3.4,7.0,9.8,0.1,0.1,0.0,1.0,7.2,19.4,176,5.84,0.72,2025-12-08T08:03,2025-12-08T17:01,32279.11
2025-12-09,14.3,3.3,7.5,12.4,0.0,0.0,0.0,0.0,12.5,23.8,207,6.81,0.91,2025-12-09T08:04,2025-12-09T17:01,32220.33
2025-12-10,15.0,4.5,9.0,13.4,0.0,0.0,0.0,0.0,12.5,25.2,215,6.58,0.98,2025-12-10T08:05,2025-12-10T17:01,32166.26
2025-12-11,9.6,3.0,6.1,7.4,0.0,0.0,0.0,0.0,6.6,18.7,347,6.61,0.69,2025-12-11T08:06,2025-12-11T17:01,32117.06
2025-12-12,10.2,4.7,6.8,8.0,0.0,0.0,0.0,0.0,8.5,22.7,347,2.95,0.45,2025-12-12T08:06,2025-12-12T17:01,32072.88
2025-12-13,6.5,1.3,4.4,5.4,0.0,0.0,0.0,0.0,5.2,16.9,95,4.36,0.43,2025-12-13T08:07,2025-12-13T17:01,32033.77
2025-12-14,4.4,1.1,2.3,2.2,0.0,0.0,0.0,0.0,7.0,18.7,24,4.37,0.4,2025-12-14T08:08,2025-12-14T17:01,31999.29
2025-12-15,6.6,-1.5,1.4,4.3,0.0,0.0,0.0,0.0,5.2,16.6,117,6.47,0.6,2025-12-15T08:09,2025-12-15T17:01,31969.29
2025-12-16,7.4,-1.2,1.3,4.2,0.0,0.0,0.0,0.0,6.7,15.1,270,5.29,0.57,2025-12-16T08:09,2025-12-16T17:02,31943.79
2025-12-17,11.7,-0.9,4.9,8.4,0.0,0.0,0.0,0.0,13.2,26.3,215,3.36,0.72,2025-12-17T08:10,2025-12-17T17:02,31922.81
2025-12-18,15.5,4.2,7.8,15.0,0.0,0.0,0.0,0.0,10.6,22.7,213,6.09,0.79,2025-12-18T08:11,2025-12-18T17:02,31906.34
2025-12-19,14.2,4.1,7.8,13.1,0.0,0.0,0.0,0.0,10.7,22.0,216,4.63,0.65,2025-12-19T08:11,2025-12-19T17:03,31894.4
2025-12-20,9.4,4.6,6.5,7.6,0.0,0.0,0.0,0.0,5.4,16.2,332,6.53,0.69,2025-12-20T08:12,2025-12-20T17:03,31886.98
2025-12-21,7.1,3.8,5.0,5.0,0.0,0.0,0.0,0.0,6.9,19.8,65,3.16,0.39,2025-12-21T08:12,2025-12-21T17:04,31884.09
2025-12-22,7.9,1.9,4.7,5.2,0.0,0.0,0.0,0.0,7.6,19.4,127,4.51,0.58,2025-12-22T08:13,2025-12-22T17:04,31885.72
2025-12-23,7.0,1.1,3.1,4.4,0.0,0.0,0.0,0.0,8.1,18.4,221,6.29,0.61,2025-12-23T08:13,2025-12-23T17:05,31891.87
2025-12-24,5.6,1.8,3.7,3.3,5.9,5.9,0.0,8.0,7.4,16.9,24,1.62,0.25,2025-12-24T08:14,2025-12-24T17:05,31902.53
2025-12-25,4.3,-0.5,2.0,2.0,3.9,1.9,1.4,14.0,11.6,25.9,65,1.58,0.19,2025-12-25T08:14,2025-12-25T17:06,31917.68
2025-12-26,2.9,-2.6,0.2,-0.2,0.0,0.0,0.0,0.0,7.6,22.0,298,4.46,0.46,2025-12-26T08:14,2025-12-26T17:07,31937.33
2025-12-27,6.4,-0.1,2.1,2.9,0.0,0.0,0.0,0.0,11.7,27.7,268,6.15,0.67,2025-12-27T08:15,2025-12-27T17:07,31961.44
2025-12-28,8.5,0.8,3.2,3.1,0.5,0.1,0.28,5.0,25.2,54.4,291,2.28,0.87,2025-12-28T08:15,2025-12-28T17:08,31990.01
2025-12-29,9.7,-0.5,2.4,6.6,0.0,0.0,0.0,0.0,16.0,32.4,240,7.3,1.06,2025-12-29T08:15,2025-12-29T17:09,32023.01
2025-12-30,3.6,-2.6,0.4,-1.6,0.1,0.0,0.07,1.0,20.8,45.4,285,3.29,0.66,2025-12-30T08:15,2025-12-30T17:10,32060.43
2025-12-31,0.6,-3.5,-1.8,-5.9,0.1,0.0,0.07,1.0,24.6,53.3,289,7.25,1.18,2025-12-31T08:15,2025-12-31T17:10,32102.22
2026-01-01,7.3,-2.5,2.0,2.7,0.0,0.0,0.0,0.0,17.8,33.8,211,7.05,1.51,2026-01-01T08:15,2026-01-01T17:11,32148.39
2026-01-02,12.6,3.3,7.9,10.2,0.1,0.1,0.0,1.0,35.8,72.0,204,5.53,2.04,2026-01-02T08:15,2026-01-02T17:12,32198.97
2026-01-03,9.9,1.0,4.3,6.1,1.0,0.3,0.49,4.0,19.9,41.0,206,2.47,0.63,2026-01-03T08:15,2026-01-03T17:13,32254.52
2026-01-04,5.2,-0.8,1.6,2.5,41.2,21.8,13.58,24.0,14.4,31.0,255,1.21,0.18,2026-01-04T08:15,2026-01-04T17:14,32315.05
2026-01-05,0.8,-1.5,-0.4,-1.5,6.9,3.0,2.73,18.0,9.2,17.3,45,3.0,0.32,2026-01-05T08:15,2026-01-05T17:15,32380.38
2026-01-06,-0.1,-2.3,-1.3,-3.1,1.7,1.7,0.0,6.0,9.8,20.5,330,3.19,0.3,2026-01-06T08:15,2026-01-06T17:16,32450.37
2026-01-07,-1.5,-3.2,-2.6,-5.5,7.6,0.7,4.83,14.0,10.9,24.1,325,2.62,0.28,2026-01-07T08:15,2026-01-07T17:17,32524.83
2026-01-08,-1.7,-4.0,-3.2,-6.6,6.4,0.0,4.48,13.0,22.5,46.4,282,6.33,0.58,2026-01-08T08:15,2026-01-08T17:18,32603.62
2026-01-09,4.4,-8.1,-1.0,1.1,1.7,1.4,0.21,4.0,15.0,28.4,214,5.3,0.67,2026-01-09T08:14,2026-01-09T17:19,32686.55
2026-01-10,3.1,-1.1,1.3,0.8,4.2,0.3,2.73,10.0,11.8,24.1,297,3.34,0.34,2026-01-10T08:14,2026-01-10T17:20,32773.48
2026-01-11,-1.0,-4.7,-3.2,-4.9,0.2,0.1,0.07,2.0,19.7,41.8,300,6.47,0.5,2026-01-11T08:14,2026-01-11T17:22,32864.23
2026-01-12,0.8,-5.9,-3.2,-3.7,0.0,0.0,0.0,0.0,15.8,31.7,265,8.63,0.89,2026-01-12T08:13,2026-01-12T17:23,32958.65
2026-01-13,7.5,-1.9,2.4,4.2,0.0,0.0,0.0,0.0,14.8,29.5,209,6.65,0.86,2026-01-13T08:13,2026-01-13T17:24,33056.57
2026-01-14,8.9,2.5,4.5,6.2,0.0,0.0,0.0,0.0,14.9,28.4,209,7.79,0.88,2026-01-14T08:12,2026-01-14T17:25,33157.83
2026-01-15,13.9,1.3,5.9,11.3,0.0,0.0,0.0,0.0,14.0,26.6,210,7.35,1.07,2026-01-15T08:12,2026-01-15T17:26,33262.27
2026-01-16,13.1,1.4,6.1,11.1,0.0,0.0,0.0,0.0,11.9,23.8,205,7.93,1.01,2026-01-16T08:11,2026-01-16T17:28,33369.74
2026-01-17,6.9,-2.2,1.6,3.6,0.0,0.0,0.0,0.0,10.2,26.3,133,7.96,0.83,2026-01-17T08:11,2026-01-17T17:29,33480.07
2026-01-18,3.7,-4.4,-1.1,0.0,0.0,0.0,0.0,0.0,9.6,23.4,116,8.04,0.81,2026-01-18T08:10,2026-01-18T17:30,33593.12
2026-01-19,2.1,-5.7,-2.8,-2.5,0.0,0.0,0.0,0.0,10.8,27.7,109,8.94,0.83,2026-01-19T08:10,2026-01-19T17:31,33708.73
2026-01-20,3.2,-5.4,-2.3,-0.9,0.0,0.0,0.0,0.0,8.1,23.0,27,9.04,0.82,2026-01-20T08:09,2026-01-20T17:33,33826.76
2026-01-21,4.5,-4.8,-2.2,0.5,0.1,0.0,0.07,1.0,7.0,22.7,23,6.36,0.64,2026-01-21T08:08,2026-01-21T17:34,33947.05
2026-01-22,4.6,-3.5,-0.3,1.0,0.0,0.0,0.0,0.0,7.1,20.5,23,7.84,0.77,2026-01-22T08:07,2026-01-22T17:35,34069.64
2026-01-23,8.3,-0.8,2.7,5.1,0.0,0.0,0.0,0.0,10.0,20.2,179,8.61,0.95,2026-01-23T08:07,2026-01-23T17:37,34195.82
2026-01-24,13.6,2.5,7.2,10.9,5.4,5.4,0.0,2.0,13.5,27.0,196,7.3,1.13,2026-01-24T08:06,2026-01-24T17:38,34325.72
2026-01-25,15.0,4.0,8.8,11.2,0.6,0.6,0.0,1.0,19.3,42.8,153,7.17,1.4,2026-01-25T08:05,2026-01-25T17:39,34459.1
2026-01-26,12.0,6.2,8.1,10.2,11.6,11.6,0.0,8.0,14.0,28.4,219,3.65,0.61,2026-01-26T08:04,2026-01-26T17:41,34595.76
2026-01-27,9.8,3.4,5.9,7.1,0.2,0.2,0.0,2.0,18.4,37.8,283,9.51,1.16,2026-01-27T08:03,2026-01-27T17:42,34735.48
2026-01-28,13.9,3.1,7.8,9.6,7.5,7.5,0.0,4.0,20.2,42.5,187,5.62,1.58,2026-01-28T08:02,2026-01-28T17:43,34878.05
2026-01-29,14.9,6.4,9.9,12.8,1.2,1.2,0.0,4.0,14.5,31.0,209,7.98,1.45,2026-01-29T08:01,2026-01-29T17:45,35023.26
2026-01-30,8.4,5.2,6.5,5.5,3.1,3.1,0.0,15.0,10.3,20.2,329,2.99,0.53,2026-01-30T08:00,2026-01-30T17:46,35170.91
2026-01-31,6.9,4.4,5.5,4.2,1.2,1.2,0.0,8.0,6.8,16.9,51,2.26,0.39,2026-01-31T07:59,2026-01-31T17:48,35320.81
2026-02-01,4.8,0.2,3.1,2.4,2.8,0.6,1.54,11.0,11.1,25.2,49,1.98,0.38,2026-02-01T07:58,2026-02-01T17:49,35472.75
2026-02-02,4.1,-2.4,0.0,0.6,0.3,0.0,0.21,3.0,7.1,23.0,111,9.67,0.95,2026-02-02T07:56,2026-02-02T17:50,35626.56
2026-02-03,12.5,-1.5,5.5,9.1,0.5,0.5,0.0,2.0,11.8,25.9,185,7.41,1.16,2026-02-03T07:55,2026-02-03T17:52,35782.03
2026-02-04,14.7,7.6,10.7,11.8,1.5,1.5,0.0,5.0,22.7,48.6,151,3.61,1.39,2026-02-04T07:54,2026-02-04T17:53,35938.99
2026-02-05,14.9,6.2,9.5,12.2,0.4,0.4,0.0,4.0,19.6,45.0,160,5.54,1.27,2026-02-05T07:53,2026-02-05T17:55,36097.27
2026-02-06,15.1,4.5,7.9,12.6,3.1,3.1,0.0,5.0,12.5,24.1,197,5.82,0.95,2026-02-06T07:52,2026-02-06T17:56,36256.68
2026-02-07,10.9,5.9,8.7,10.1,4.2,4.2,0.0,12.0,10.8,20.5,260,3.08,0.53,2026-02-07T07:50,2026-02-07T17:57,36417.06
2026-02-08,13.3,3.3,7.9,10.7,0.0,0.0,0.0,0.0,6.6,22.0,166,9.37,1.3,2026-02-08T07:49,2026-02-08T17:59,36578.24
2026-02-09,11.7,2.9,6.9,8.9,0.2,0.2,0.0,1.0,14.6,33.1,114,6.52,1.04,2026-02-09T07:48,2026-02-09T18:00,36740.04
2026-02-10,11.1,2.3,5.4,8.8,3.0,3.0,0.0,6.0,15.2,30.6,140,9.65,1.37,2026-02-10T07:46,2026-02-10T18:02,36902.33
2026-02-11,17.0,2.2,9.0,13.2,0.0,0.0,0.0,0.0,16.9,35.6,201,9.57,1.79,2026-02-11T07:45,2026-02-11T18:03,37065.12
2026-02-12,17.2,6.7,11.5,14.3,0.0,0.0,0.0,0.0,12.6,28.1,209,10.81,1.96,2026-02-12T07:44,2026-02-12T18:04,37229.92
2026-02-13,9.5,5.1,8.0,7.1,2.9,2.9,0.0,10.0,15.9,32.4,268,3.15,0.53,2026-02-13T07:42,2026-02-13T18:06,37396.91
2026-02-14,15.9,3.2,8.6,13.6,3.9,3.9,0.0,5.0,12.3,23.8,187,7.44,1.33,2026-02-14T07:41,2026-02-14T18:07,37565.92
2026-02-15,8.5,1.2,5.5,6.6,14.5,12.3,1.54,21.0,26.7,55.4,284,2.06,0.4,2026-02-15T07:39,2026-02-15T18:08,37736.77
2026-02-16,11.1,0.1,4.4,8.3,0.2,0.2,0.0,2.0,10.4,26.3,35,9.9,1.31,2026-02-16T07:38,2026-02-16T18:10,37909.29
2026-02-17,5.6,1.1,2.8,4.0,27.8,9.5,12.81,22.0,19.1,38.9,311,2.62,0.27,2026-02-17T07:36,2026-02-17T18:11,38083.31
2026-02-18,7.4,-1.6,2.9,3.5,0.6,0.5,0.07,2.0,21.1,43.6,285,11.79,1.21,2026-02-18T07:35,2026-02-18T18:13,38258.65
2026-02-19,13.6,-0.7,7.7,8.1,0.0,0.0,0.0,0.0,31.4,64.4,195,11.62,2.5,2026-02-19T07:33,2026-02-19T18:14,38435.15
2026-02-20,11.4,3.5,8.3,9.7,8.4,8.4,0.0,17.0,19.1,43.9,214,2.91,0.85,2026-02-20T07:32,2026-02-20T18:15,38612.67
2026-02-21,4.6,0.6,2.6,1.1,2.8,0.4,1.68,9.0,14.6,34.6,310,5.46,0.75,2026-02-21T07:30,2026-02-21T18:17,38791.03
2026-02-22,10.6,2.0,6.0,7.3,0.3,0.3,0.0,3.0,14.3,33.1,285,8.43,1.3,2026-02-22T07:28,2026-02-22T18:18,38970.09
2026-02-23,17.4,5.0,10.0,14.3,0.0,0.0,0.0,0.0,14.9,28.8,219,9.63,1.97,2026-02-23T07:27,2026-02-23T18:19,39149.69
2026-02-24,10.9,5.5,7.9,6.7,3.7,3.7,0.0,10.0,20.2,45.4,265,4.51,0.99,2026-02-24T07:25,2026-02-24T18:21,39329.69
2026-02-25,12.5,4.7,8.0,8.1,0.0,0.0,0.0,0.0,18.0,41.0,287,13.2,2.02,2026-02-25T07:23,2026-02-25T18:22,39509.94
2026-02-26,11.2,3.6,7.2,8.4,0.0,0.0,0.0,0.0,10.7,25.2,305,14.48,1.83,2026-02-26T07:22,2026-02-26T18:23,39690.29
2026-02-27,13.7,1.5,7.1,11.1,0.0,0.0,0.0,0.0,8.3,23.8,217,13.63,1.85,2026-02-27T07:20,2026-02-27T18:25,39870.61
2026-02-28,15.3,1.7,7.9,12.6,0.0,0.0,0.0,0.0,8.9,24.8,252,15.02,2.14,2026-02-28T07:18,2026-02-28T18:26,40050.76
2026-03-01,16.0,2.6,8.7,13.9,0.0,0.0,0.0,0.0,7.9,20.9,241,15.16,2.13,2026-03-01T07:17,2026-03-01T18:27,40230.6
2026-03-02,16.1,5.6,10.0,13.5,0.0,0.0,0.0,0.0,9.3,24.5,319,11.93,1.84,2026-03-02T07:15,2026-03-02T18:29,40409.98
2026-03-03,14.8,6.2,10.0,13.0,0.0,0.0,0.0,0.0,6.5,19.4,200,8.99,1.45,2026-03-03T07:13,2026-03-03T18:30,40588.95
2026-03-04,17.1,3.8,10.6,15.6,0.0,0.0,0.0,0.0,11.0,28.1,218,13.41,2.1,2026-03-04T07:12,2026-03-04T18:31,40768.92
2026-03-05,14.8,7.4,10.6,12.0,7.3,7.3,0.0,7.0,12.2,29.2,277,13.51,1.98,2026-03-05T07:10,2026-03-05T18:33,40950.1
2026-03-06,16.0,3.0,9.6,13.7,0.0,0.0,0.0,0.0,8.7,25.2,156,16.09,2.36,2026-03-06T07:08,2026-03-06T18:34,41132.36
2026-03-07,18.4,2.8,10.7,16.1,0.0,0.0,0.0,0.0,10.0,24.8,169,16.27,2.71,2026-03-07T07:06,2026-03-07T18:35,41315.57
2026-03-08,17.2,6.1,11.4,15.0,0.0,0.0,0.0,0.0,9.2,24.5,68,16.26,2.64,2026-03-08T07:05,2026-03-08T18:36,41499.6
2026-03-09,16.3,3.9,9.6,12.6,0.0,0.0,0.0,0.0,15.2,35.3,135,16.57,2.79,2026-03-09T07:03,2026-03-09T18:38,41684.33
2026-03-10,18.4,5.6,11.5,16.2,0.0,0.0,0.0,0.0,10.2,25.2,157,16.16,2.95,2026-03-10T07:01,2026-03-10T18:39,41869.63
2026-03-11,18.4,5.4,11.8,15.9,0.0,0.0,0.0,0.0,10.7,25.6,158,16.18,2.96,2026-03-11T06:59,2026-03-11T18:40,42055.37
2026-03-12,18.5,7.3,12.3,16.6,2.4,2.4,0.0,3.0,10.7,26.3,259,14.58,2.57,2026-03-12T06:57,2026-03-12T18:42,42241.44
2026-03-13,18.2,7.0,12.0,15.1,0.0,0.0,0.0,0.0,13.1,29.9,114,17.5,3.03,2026-03-13T06:56,2026-03-13T18:43,42427.71
2026-03-14,19.4,6.0,12.2,16.6,0.1,0.1,0.0,1.0,13.0,25.9,173,16.88,3.31,2026-03-14T06:54,2026-03-14T18:44,42614.06
2026-03-15,16.9,6.3,11.1,13.8,0.0,0.0,0.0,0.0,11.9,27.7,105,15.6,2.82,2026-03-15T06:52,2026-03-15T18:45,42800.37
2026-03-16,15.9,2.4,9.0,13.3,0.0,0.0,0.0,0.0,9.8,25.2,33,18.43,2.73,2026-03-16T06:50,2026-03-16T18:47,42986.51
2026-03-17,11.5,4.6,7.8,8.4,5.4,5.4,0.0,7.0,10.7,27.0,316,11.23,1.72,2026-03-17T06:48,2026-03-17T18:48,43172.38
2026-03-18,12.8,5.9,8.6,7.0,1.0,1.0,0.0,5.0,23.6,51.5,90,12.45,2.51,2026-03-18T06:46,2026-03-18T18:49,43357.85
2026-03-19,11.8,3.6,7.4,7.2,0.0,0.0,0.0,0.0,19.2,43.9,64,13.0,2.02,2026-03-19T06:45,2026-03-19T18:50,43542.79
2026-03-20,10.8,3.6,7.5,7.3,0.4,0.4,0.0,3.0,11.5,30.6,313,12.29,1.92,2026-03-20T06:43,2026-03-20T18:52,43727.09
2026-03-21,12.6,4.0,8.3,8.2,0.0,0.0,0.0,0.0,13.4,31.3,60,11.02,1.93,2026-03-21T06:41,2026-03-21T18:53,43910.62
2026-03-22,14.5,4.1,8.6,10.4,0.2,0.2,0.0,1.0,17.5,37.8,118,13.77,2.34,2026-03-22T06:39,2026-03-22T18:54,44093.27
2026-03-23,15.4,2.9,8.9,12.3,0.0,0.0,0.0,0.0,15.5,36.7,95,18.03,2.74,2026-03-23T06:37,2026-03-23T18:55,44275.06
2026-03-24,15.2,5.4,10.3,12.5,0.1,0.1,0.0,1.0,11.6,29.5,325,17.37,2.73,2026-03-24T06:36,2026-03-24T18:57,44457.31
2026-03-25,17.3,4.5,11.3,14.3,0.0,0.0,0.0,0.0,13.3,25.9,203,15.08,2.73,2026-03-25T06:34,2026-03-25T18:58,44640.19
2026-03-26,17.9,8.4,12.1,13.9,7.3,7.3,0.0,6.0,23.4,49.7,190,13.74,3.18,2026-03-26T06:32,2026-03-26T18:59,44823.6
2026-03-27,8.2,3.8,5.9,7.1,21.3,21.3,0.0,19.0,15.8,32.8,274,4.06,0.57,2026-03-27T06:30,2026-03-27T19:00,45007.45
2026-03-28,4.2,2.4,3.1,0.5,23.2,12.0,7.84,23.0,26.5,51.8,275,3.04,0.38,2026-03-28T06:28,2026-03-28T19:02,45191.62
2026-03-29,5.9,2.7,4.3,1.5,18.1,12.8,3.71,16.0,20.8,45.4,272,5.05,0.74,2026-03-29T06:26,2026-03-29T19:03,45375.99
2026-03-30,6.4,4.0,5.3,2.4,1.4,1.4,0.0,10.0,20.3,41.4,280,4.18,0.83,2026-03-30T06:25,2026-03-30T19:04,45560.46
2026-03-31,9.2,3.8,6.2,5.6,1.4,1.4,0.0,10.0,14.6,32.0,306,9.05,1.41,2026-03-31T06:23,2026-03-31T19:05,45744.91
2026-04-01,9.5,5.3,7.2,7.9,3.2,3.2,0.0,18.0,11.8,28.4,357,6.65,0.99,2026-04-01T06:21,2026-04-01T19:06,45929.24
2026-04-02,8.6,5.4,6.7,7.5,7.2,7.2,0.0,16.0,14.0,32.0,296,3.73,0.54,2026-04-02T06:19,2026-04-02T19:08,46113.32
2026-04-03,10.2,6.8,8.5,7.6,20.9,20.9,0.0,23.0,21.3,42.5,287,2.69,0.51,2026-04-03T06:17,2026-04-03T19:09,46297.06
2026-04-04,16.4,7.9,11.7,14.2,0.0,0.0,0.0,0.0,19.4,39.2,292,20.73,3.79,2026-04-04T06:15,2026-04-04T19:10,46480.31
2026-04-05,17.6,7.7,13.4,15.9,0.0,0.0,0.0,0.0,11.7,30.2,283,16.9,3.0,2026-04-05T06:14,2026-04-05T19:11,46662.97
2026-04-06,22.9,6.8,14.9,22.7,0.0,0.0,0.0,0.0,10.6,22.0,233,21.77,3.79,2026-04-06T06:12,2026-04-06T19:13,46844.93
2026-04-07,18.5,9.5,13.8,17.3,0.0,0.0,0.0,0.0,9.9,27.0,323,21.47,3.45,2026-04-07T06:10,2026-04-07T19:14,47026.05
2026-04-08,13.6,7.6,10.6,11.2,0.0,0.0,0.0,0.0,15.8,32.8,321,22.59,3.66,2026-04-08T06:08,2026-04-08T19:15,47206.21
2026-04-09,11.5,4.2,7.7,7.4,0.0,0.0,0.0,0.0,15.7,36.4,302,18.54,2.76,2026-04-09T06:06,2026-04-09T19:16,47385.3
2026-04-10,15.2,1.8,8.6,12.9,1.4,1.4,0.0,3.0,14.4,33.1,228,16.47,2.77,2026-04-10T06:05,2026-04-10T19:17,47563.17
2026-04-11,13.8,5.5,9.9,11.1,0.2,0.2,0.0,2.0,13.2,33.5,341,17.16,2.36,2026-04-11T06:03,2026-04-11T19:19,47739.7
2026-04-12,16.8,6.7,11.8,15.4,0.0,0.0,0.0,0.0,12.5,33.8,83,21.14,3.19,2026-04-12T06:01,2026-04-12T19:20,47914.91
2026-04-13,22.0,7.9,14.8,20.7,0.0,0.0,0.0,0.0,15.9,34.9,125,17.8,3.45,2026-04-13T06:00,2026-04-13T19:21,48090.03
2026-04-14,19.0,11.2,14.6,17.7,4.9,4.9,0.0,5.0,15.4,36.0,132,13.06,2.42,2026-04-14T05:58,2026-04-14T19:22,48265.27
2026-04-15,20.5,10.0,14.8,20.2,0.6,0.6,0.0,4.0,10.2,25.9,354,19.42,3.18,2026-04-15T05:56,2026-04-15T19:24,48440.5
2026-04-16,20.7,12.0,16.2,20.8,0.0,0.0,0.0,0.0,10.7,28.8,341,22.37,3.73,2026-04-16T05:54,2026-04-16T19:25,48615.61
2026-04-17,20.3,12.5,16.0,19.2,0.0,0.0,0.0,0.0,14.0,32.4,306,21.18,3.75,2026-04-17T05:53,2026-04-17T19:26,48790.48
2026-04-18,18.5,9.5,14.2,16.9,0.0,0.0,0.0,0.0,13.9,34.6,326,22.78,3.79,2026-04-18T05:51,2026-04-18T19:27,48964.98
2026-04-19,19.6,7.3,14.0,19.2,0.0,0.0,0.0,0.0,8.9,22.3,202,24.26,4.06,2026-04-19T05:49,2026-04-19T19:28,49139.0
2026-04-20,16.9,8.5,12.1,16.2,5.4,5.4,0.0,10.0,18.6,42.5,287,10.16,1.85,2026-04-20T05:48,2026-04-20T19:30,49312.4
2026-04-21,13.8,9.3,10.8,12.0,3.0,3.0,0.0,11.0,9.1,26.6,266,12.51,1.94,2026-04-21T05:46,2026-04-21T19:31,49485.07
2026-04-22,13.3,7.2,10.1,10.8,1.8,1.8,0.0,10.0,14.9,35.3,327,19.5,3.0,2026-04-22T05:44,2026-04-22T19:32,49656.86
2026-04-23,15.9,6.8,11.3,12.5,0.0,0.0,0.0,0.0,20.1,43.2,284,23.79,4.14,2026-04-23T05:43,2026-04-23T19:33,49827.65
2026-04-24,18.7,10.5,14.0,15.9,0.0,0.0,0.0,0.0,19.9,45.0,289,23.97,4.56,2026-04-24T05:41,2026-04-24T19:35,49997.28
2026-04-25,21.4,8.9,15.6,21.2,0.0,0.0,0.0,0.0,12.6,24.5,250,25.18,4.63,2026-04-25T05:40,2026-04-25T19:36,50165.63
2026-04-26,21.9,8.1,15.5,20.4,0.0,0.0,0.0,0.0,15.3,34.9,297,25.57,4.87,2026-04-26T05:38,2026-04-26T19:37,50332.55
2026-04-27,19.8,7.9,14.0,18.5,0.0,0.0,0.0,0.0,12.0,28.8,49,24.87,4.14,2026-04-27T05:37,2026-04-27T19:38,50497.89
2026-04-28,20.2,9.4,14.9,19.6,0.0,0.0,0.0,0.0,10.3,27.0,46,25.32,4.18,2026-04-28T05:35,2026-04-28T19:39,50661.51
2026-04-29,16.0,8.4,12.1,14.9,9.7,9.7,0.0,10.0,13.5,29.9,342,10.71,1.88,2026-04-29T05:34,2026-04-29T19:41,50823.23
2026-04-30,12.7,6.9,9.5,10.1,6.0,6.0,0.0,11.0,14.8,37.4,318,18.8,2.82,2026-04-30T05:32,2026-04-30T19:42,50982.92
2026-05-01,13.8,4.5,9.4,12.0,0.0,0.0,0.0,0.0,12.8,30.2,314,24.72,3.65,2026-05-01T05:31,2026-05-01T19:43,51140.4
2026-05-02,16.6,7.3,12.3,15.3,0.0,0.0,0.0,0.0,13.4,30.6,289,21.89,3.72,2026-05-02T05:29,2026-05-02T19:44,51295.65
2026-05-03,17.4,7.4,12.8,16.8,0.0,0.0,0.0,0.0,9.5,25.6,87,26.62,4.12,2026-05-03T05:28,2026-05-03T19:45,51449.88
2026-05-04,22.6,5.3,14.5,22.6,0.0,0.0,0.0,0.0,13.1,25.6,176,26.97,4.92,2026-05-04T05:27,2026-05-04T19:47,51603.24
2026-05-05,24.8,9.5,17.7,26.1,0.0,0.0,0.0,0.0,15.0,31.0,200,25.79,5.19,2026-05-05T05:25,2026-05-05T19:48,51755.6
2026-05-06,25.3,12.7,19.2,25.7,0.0,0.0,0.0,0.0,11.7,22.7,187,24.21,4.76,2026-05-06T05:24,2026-05-06T19:49,51906.84
2026-05-07,20.6,13.6,17.2,20.6,0.4,0.4,0.0,2.0,13.9,30.6,202,11.65,2.54,2026-05-07T05:23,2026-05-07T19:50,52056.82
2026-05-08,21.1,11.4,16.5,21.7,0.0,0.0,0.0,0.0,8.6,19.8,213,18.01,3.21,2026-05-08T05:21,2026-05-08T19:51,52205.4
2026-05-09,20.7,11.9,16.5,22.5,5.2,5.2,0.0,12.0,11.0,23.4,276,16.73,2.98,2026-05-09T05:20,2026-05-09T19:53,52352.44
2026-05-10,23.5,9.9,17.4,24.9,0.0,0.0,0.0,0.0,10.5,19.8,176,22.1,4.08,2026-05-10T05:19,2026-05-10T19:54,52497.8
2026-05-11,24.8,14.0,18.9,26.3,1.4,1.4,0.0,3.0,12.5,31.7,209,23.78,4.46,2026-05-11T05:18,2026-05-11T19:55,52641.31
2026-05-12,20.4,7.2,15.7,20.0,8.9,8.9,0.0,16.0,28.2,59.8,264,21.74,3.71,2026-05-12T05:16,2026-05-12T19:56,52782.85
2026-05-13,14.5,6.6,10.6,13.7,0.0,0.0,0.0,0.0,16.9,43.6,301,26.59,3.87,2026-05-13T05:15,2026-05-13T19:57,52922.25
2026-05-14,20.8,5.8,14.0,21.2,0.1,0.1,0.0,1.0,14.4,32.8,144,26.86,4.47,2026-05-14T05:14,2026-05-14T19:58,53059.35
2026-05-15,22.3,12.5,17.5,23.1,0.2,0.2,0.0,2.0,14.9,29.5,194,23.11,4.58,2026-05-15T05:13,2026-05-15T20:00,53194.0
2026-05-16,17.8,11.5,14.7,16.4,8.0,8.0,0.0,14.0,20.9,40.7,170,9.4,1.88,2026-05-16T05:12,2026-05-16T20:01,53326.02
2026-05-17,13.3,10.0,11.4,10.9,5.9,5.9,0.0,15.0,30.5,61.9,281,5.23,1.02,2026-05-17T05:11,2026-05-17T20:02,53455.26
2026-05-18,19.1,11.0,14.8,18.8,0.0,0.0,0.0,0.0,13.7,32.4,287,28.05,4.63,2026-05-18T05:10,2026-05-18T20:03,53581.55
2026-05-19,19.7,9.4,15.1,18.4,0.0,0.0,0.0,0.0,11.7,29.2,291,22.32,3.92,2026-05-19T05:09,2026-05-19T20:04,53704.72
2026-05-20,21.0,12.9,16.9,20.2,0.3,0.3,0.0,3.0,14.8,34.6,297,26.01,4.74,2026-05-20T05:08,2026-05-20T20:05,53824.58
2026-05-21,20.9,14.7,17.8,20.4,1.9,1.9,0.0,5.0,21.9,47.5,298,25.89,4.94,2026-05-21T05:07,2026-05-21T20:06,53940.96
2026-05-22,22.5,14.8,17.9,21.4,7.9,7.9,0.0,11.0,21.1,49.7,302,23.73,4.17,2026-05-22T05:06,2026-05-22T20:07,54053.8
2026-05-23,23.4,15.4,19.3,22.9,1.2,1.2,0.0,7.0,16.9,39.6,300,26.8,5.04,2026-05-23T05:05,2026-05-23T20:08,54164.04
2026-05-24,24.9,16.2,20.5,24.4,0.0,0.0,0.0,0.0,17.8,42.5,295,27.86,5.84,2026-05-24T05:04,2026-05-24T20:09,54271.8
2026-05-25,27.5,18.1,22.8,28.4,0.6,0.6,0.0,5.0,14.7,29.5,291,26.77,5.82,2026-05-25T05:04,2026-05-25T20:10,54376.96
2026-05-26,28.8,20.8,24.4,30.4,0.0,0.0,0.0,0.0,14.0,33.1,297,28.58,6.41,2026-05-26T05:03,2026-05-26T20:11,54479.42
2026-05-27,29.7,18.9,24.9,31.6,0.0,0.0,0.0,0.0,9.9,24.8,279,29.02,6.52,2026-05-27T05:02,2026-05-27T20:12,54579.07
2026-05-28,25.5,17.4,21.4,24.9,0.3,0.3,0.0,3.0,20.5,46.4,311,28.3,5.98,2026-05-28T05:01,2026-05-28T20:13,54675.78
2026-05-29,22.7,13.9,18.3,22.7,0.0,0.0,0.0,0.0,13.8,27.0,306,30.2,5.87,2026-05-29T05:01,2026-05-29T20:14,54769.44
2026-05-30,26.4,12.0,20.3,25.9,0.0,0.0,0.0,0.0,14.1,32.0,274,29.3,6.31,2026-05-30T05:00,2026-05-30T20:15,54859.94
2026-05-31,27.3,18.1,22.7,26.3,0.2,0.2,0.0,2.0,18.2,42.1,287,27.55,6.15,2026-05-31T05:00,2026-05-31T20:15,54947.16
2026-06-01,26.1,15.8,19.6,28.5,15.4,15.4,0.0,14.0,13.0,33.5,282,21.53,3.93,2026-06-01T04:59,2026-06-01T20:16,55030.98
2026-06-02,23.8,13.5,19.0,24.7,1.2,1.2,0.0,6.0,12.6,29.5,268,25.49,4.56,2026-06-02T04:59,2026-06-02T20:17,55111.27
2026-06-03,27.5,16.5,20.5,29.8,13.7,13.7,0.0,5.0,14.8,42.8,205,22.67,4.4,2026-06-03T04:58,2026-06-03T20:18,55187.93
2026-06-04,21.5,14.7,17.4,20.6,1.2,1.2,0.0,6.0,17.6,38.9,294,18.37,3.18,2026-06-04T04:58,2026-06-04T20:19,55260.83
2026-06-05,26.9,13.5,20.8,29.5,0.0,0.0,0.0,0.0,10.2,22.7,196,27.32,5.17,2026-06-05T04:57,2026-06-05T20:19,55329.85
2026-06-06,23.4,15.4,19.2,25.1,19.6,19.6,0.0,6.0,13.0,29.9,331,20.04,3.54,2026-06-06T04:57,2026-06-06T20:20,55394.88
2026-06-07,25.8,16.4,21.3,29.0,2.6,2.6,0.0,10.0,8.0,24.8,324,26.54,4.85,2026-06-07T04:57,2026-06-07T20:21,55455.8
2026-06-08,27.7,18.4,22.9,28.6,0.0,0.0,0.0,0.0,11.6,28.4,92,27.9,5.56,2026-06-08T04:56,2026-06-08T20:22,55512.49
2026-06-09,29.4,16.3,23.8,30.1,0.0,0.0,0.0,0.0,11.1,28.8,146,28.93,6.08,2026-06-09T04:56,2026-06-09T20:22,55564.84
2026-06-10,29.1,18.1,24.0,32.3,0.1,0.1,0.0,1.0,8.7,28.4,204,26.36,5.41,2026-06-10T04:56,2026-06-10T20:23,55612.73
2026-06-11,21.8,13.3,17.8,22.1,6.9,6.9,0.0,13.0,15.1,49.0,303,15.62,2.81,2026-06-11T04:56,2026-06-11T20:23,55656.09
2026-06-12,20.3,12.8,16.4,18.9,2.4,2.4,0.0,9.0,16.5,37.1,304,24.4,4.21,2026-06-12T04:55,2026-06-12T20:24,55695.26
2026-06-13,24.7,13.3,18.9,25.0,0.0,0.0,0.0,0.0,9.7,23.8,269,27.8,5.1,2026-06-13T04:55,2026-06-13T20:24,55730.34
2026-06-14,30.3,14.6,22.5,30.1,0.6,0.6,0.0,3.0,15.1,51.5,220,28.08,6.09,2026-06-14T04:55,2026-06-14T20:25,55761.29
2026-06-15,23.6,15.3,18.7,23.0,5.4,5.4,0.0,3.0,17.7,41.8,83,22.66,4.16,2026-06-15T04:55,2026-06-15T20:25,55788.11
2026-06-16,25.5,12.9,19.6,26.5,1.1,1.1,0.0,1.0,8.9,24.5,127,30.29,5.52,2026-06-16T04:55,2026-06-16T20:26,55810.76
2026-06-17,28.0,14.9,21.9,29.4,0.2,0.2,0.0,2.0,9.7,23.0,270,27.86,5.47,2026-06-17T04:55,2026-06-17T20:26,55829.28
2026-06-18,27.1,19.6,22.9,28.9,1.6,1.6,0.0,10.0,13.2,31.3,300,27.14,5.45,2026-06-18T04:56,2026-06-18T20:26,55843.62
2026-06-19,28.1,19.0,23.7,30.3,0.2,0.2,0.0,1.0,9.5,27.7,339,28.32,5.57,2026-06-19T04:56,2026-06-19T20:27,55853.8
2026-06-20,30.5,19.0,25.2,32.4,0.0,0.0,0.0,0.0,10.2,26.6,104,29.26,6.04,2026-06-20T04:56,2026-06-20T20:27,55859.8
2026-06-21,30.1,21.0,26.1,34.2,0.6,0.6,0.0,4.0,8.1,26.3,235,27.24,5.65,2026-06-21T04:56,2026-06-21T20:27,55861.63
2026-06-22,31.0,19.0,25.0,35.1,5.5,5.5,0.0,8.0,17.0,43.6,250,25.55,5.43,2026-06-22T04:56,2026-06-22T20:27,55859.29
2026-06-23,27.6,20.2,23.1,30.3,8.8,8.8,0.0,12.0,13.8,32.0,281,22.94,4.26,2026-06-23T04:57,2026-06-23T20:27,55852.78
2026-06-24,27.3,19.2,22.8,31.3,13.3,13.3,0.0,12.0,14.2,33.5,245,23.5,4.28,2026-06-24T04:57,2026-06-24T20:28,55842.12
2026-06-25,31.6,19.2,25.9,34.2,0.2,0.2,0.0,2.0,9.2,23.0,308,28.11,5.89,2026-06-25T04:57,2026-06-25T20:28,55827.3
2026-06-26,32.4,22.9,27.3,34.1,0.0,0.0,0.0,0.0,12.6,32.4,348,29.38,6.6,2026-06-26T04:58,2026-06-26T20:28,55808.35
2026-06-27,33.6,23.1,28.5,36.5,0.0,0.0,0.0,0.0,8.5,24.1,356,29.8,6.71,2026-06-27T04:58,2026-06-27T20:28,55785.26
2026-06-28,33.8,22.6,28.9,36.3,0.0,0.0,0.0,0.0,12.6,32.4,134,28.6,6.89,2026-06-28T04:58,2026-06-28T20:28,55758.06
2026-06-29,36.8,21.5,29.7,37.5,0.0,0.0,0.0,0.0,12.2,31.0,150,29.5,7.16,2026-06-29T04:59,2026-06-29T20:28,55726.76
2026-06-30,34.5,25.0,29.8,38.1,0.2,0.2,0.0,2.0,13.9,32.8,273,26.94,6.34,2026-06-30T04:59,2026-06-30T20:28,55691.4
2026-07-01,28.7,21.2,24.5,31.9,2.0,2.0,0.0,4.0,16.3,28.1,183,14.57,3.18,2026-07-01T05:00,2026-07-01T20:27,55651.92
2026-07-02,25.1,19.9,22.1,25.8,8.1,8.1,0.0,10.0,18.0,40.0,292,15.09,3.13,2026-07-02T05:00,2026-07-02T20:27,55607.93
2026-07-03,26.5,18.9,22.3,28.3,3.3,3.3,0.0,7.0,18.3,37.8,295,22.71,4.63,2026-07-03T05:01,2026-07-03T20:27,55559.44
2026-07-04,25.3,17.2,21.3,25.3,0.0,0.0,0.0,0.0,16.8,36.7,310,30.06,6.26,2026-07-04T05:02,2026-07-04T20:27,55506.57
2026-07-05,26.7,17.6,21.9,26.9,0.0,0.0,0.0,0.0,12.0,31.0,288,27.47,5.75,2026-07-05T05:02,2026-07-05T20:26,55449.43
2026-07-06,26.8,17.4,22.3,28.5,1.6,1.6,0.0,6.0,9.0,23.0,274,26.58,5.16,2026-07-06T05:03,2026-07-06T20:26,55388.15
2026-07-07,28.3,17.5,23.2,30.6,0.0,0.0,0.0,0.0,8.5,24.5,244,27.8,5.4,2026-07-07T05:04,2026-07-07T20:26,55322.83
2026-07-08,28.1,18.5,22.8,29.8,0.8,0.8,0.0,3.0,14.9,33.8,220,19.4,4.32,2026-07-08T05:04,2026-07-08T20:25,55253.62
2026-07-09,25.4,16.5,21.3,24.2,1.0,1.0,0.0,2.0,18.7,43.6,299,28.04,5.74,2026-07-09T05:05,2026-07-09T20:25,55180.64
2026-07-10,26.8,15.7,21.8,27.8,0.0,0.0,0.0,0.0,11.1,27.7,298,28.28,5.52,2026-07-10T05:06,2026-07-10T20:24,55103.98
2026-07-11,30.8,16.3,23.6,33.7,0.8,0.8,0.0,2.0,13.9,32.8,218,23.8,5.21,2026-07-11T05:07,2026-07-11T20:24,55023.78
2026-07-12,25.0,19.7,21.9,29.5,8.5,8.5,0.0,11.0,11.3,28.1,259,22.64,4.21,2026-07-12T05:08,2026-07-12T20:23,54940.18
2026-07-13,26.4,19.0,22.7,26.2,2.0,2.0,0.0,8.0,18.4,42.5,306,26.07,5.47,2026-07-13T05:08,2026-07-13T20:23,54853.28
2026-07-14,29.5,17.6,24.0,32.2,0.0,0.0,0.0,0.0,9.0,22.7,110,28.77,5.85,2026-07-14T05:09,2026-07-14T20:22,54763.2
2026-07-15,30.5,20.0,25.6,34.8,0.7,0.7,0.0,4.0,12.6,29.2,211,26.32,5.49,2026-07-15T05:10,2026-07-15T20:21,54670.07
2026-07-16,31.8,20.8,25.9,35.0,1.1,1.1,0.0,2.0,9.0,28.4,223,24.41,5.06,2026-07-16T05:11,2026-07-16T20:21,54574.01
2026-07-17,33.3,19.3,26.5,36.5,0.2,0.2,0.0,2.0,10.7,23.0,130,27.35,6.0,2026-07-17T05:12,2026-07-17T20:20,54475.14
2026-07-18,33.6,22.7,28.0,37.6,0.1,0.1,0.0,1.0,10.5,26.6,267,24.77,5.72,2026-07-18T05:13,2026-07-18T20:19,54373.56
2026-07-19,32.8,20.3,26.2,36.6,2.5,2.5,0.0,8.0,12.1,57.2,358,26.38,5.49,2026-07-19T05:14,2026-07-19T20:18,54269.4
2026-07-20,26.3,18.2,22.2,29.1,4.1,4.1,0.0,3.0,17.6,43.9,307,24.36,4.73,2026-07-20T05:15,2026-07-20T20:18,54162.78
2026-07-21,26.7,16.3,21.6,29.2,5.7,5.7,0.0,5.0,11.5,33.1,97,22.2,4.14,2026-07-21T05:16,2026-07-21T20:17,54053.68
2026-07-22,23.2,15.8,19.7,22.9,9.3,9.3,0.0,11.0,15.1,36.4,297,24.24,4.65,2026-07-22T05:17,2026-07-22T20:16,53941.16
2026-07-23,26.3,16.3,20.8,27.2,0.0,0.0,0.0,0.0,12.2,29.9,273,27.42,5.54,2026-07-23T05:18,2026-07-23T20:15,53825.14
2026-07-24,21.6,14.0,18.2,21.4,10.9,10.9,0.0,11.0,18.7,42.5,295,24.14,4.58,2026-07-24T05:19,2026-07-24T20:14,53705.81
2026-07-25,25.3,15.6,20.1,25.7,0.0,0.0,0.0,0.0,14.6,33.1,277,27.68,5.54,2026-07-25T05:20,2026-07-25T20:13,53583.32
2026-07-26,31.9,14.5,22.9,33.6,0.0,0.0,0.0,0.0,12.9,24.8,212,25.02,5.43,2026-07-26T05:21,2026-07-26T20:12,53457.87
2026-07-27,28.8,19.6,24.5,32.2,1.8,1.8,0.0,6.0,17.8,37.4,262,25.59,5.47,2026-07-27T05:22,2026-07-27T20:11,53329.6
2026-07-28,28.5,19.9,23.7,30.1,0.0,0.0,0.0,0.0,12.6,30.2,293,26.11,5.45,2026-07-28T05:23,2026-07-28T20:10,53198.7
2026-07-29,30.2,17.9,24.4,31.9,0.0,0.0,0.0,0.0,9.4,25.2,135,27.93,5.94,2026-07-29T05:24,2026-07-29T20:08,53065.31
2026-07-30,32.8,19.2,26.0,34.3,0.0,0.0,0.0,0.0,9.7,25.6,142,27.78,6.27,2026-07-30T05:25,2026-07-30T20:07,52929.61
2026-07-31,33.6,20.9,27.3,35.2,0.0,0.0,0.0,0.0,11.2,28.1,138,27.52,6.44,2026-07-31T05:26,2026-07-31T20:06,52791.73
2026-08-01,34.1,20.3,27.5,34.4,0.0,0.0,0.0,0.0,15.5,34.6,146,27.77,7.09,2026-08-01T05:27,2026-08-01T20:05,52651.85
2026-08-02,33.2,19.9,27.0,33.4,0.0,0.0,0.0,0.0,13.7,32.4,143,27.91,6.74,2026-08-02T05:29,2026-08-02T20:04,52510.11
